metric,mean,std
accuracy,0.5888067551825846,0.07729580913393358
f1_score,0.6111118032671122,0.11228452788400682
precision,0.6185204062653962,0.16954000483053744
recall,0.6573469238545877,0.13362430161448008
auc,0.6451382320731017,0.10599950571766947
