metric,mean,std
accuracy,0.5681696777438544,0.10565344608421443
f1_score,0.6757288947472342,0.12809907286582933
precision,0.7186649643719404,0.20673562594366146
recall,0.6654718784366705,0.09607347556959722
auc,0.47935148033997393,0.0971219948952417
