metric,mean,std
accuracy,0.6392082718887784,0.14151260027236676
f1_score,0.7541747107210346,0.12819932680558196
precision,0.7263990044978206,0.1986018205311097
recall,0.826119266933196,0.08712680138929021
auc,0.49022456781957297,0.10784873814534798
