metric,mean,std
accuracy,0.5588388996042378,0.12263803951158644
f1_score,0.5593491802650036,0.14438116281302793
precision,0.5964053647833946,0.1799750625083799
recall,0.569644421895109,0.19243784161039007
auc,0.5711738358172505,0.14538940064219952
