metric,mean,std
accuracy,0.5528172889993027,0.1256042807899797
f1_score,0.5582168167346663,0.14223088118953225
precision,0.5922533859975472,0.1775544395702256
recall,0.5772090835775072,0.19490674819770817
auc,0.5704433806640283,0.14512618996447027
