metric,mean,std
accuracy,0.3788402510826712,0.11286113430699508
f1_macro,0.34901912978148686,0.1128231319132989
precision_macro,0.3988017448421533,0.09099773379051847
recall_macro,0.405474144228981,0.11216102913788077
auc_ovr,0.5702282029359218,0.0877689675120286
auc_ovo,0.5741366562203228,0.09179995546521699
