metric,mean,std
accuracy,0.39911112302844737,0.08377724506056287
f1_macro,0.3689747461479371,0.0889339514057593
precision_macro,0.4062374217443191,0.06341410337320162
recall_macro,0.41460464536634933,0.08976643272831067
auc_ovr,0.6008114283703787,0.06646985391615087
auc_ovo,0.6000365150236154,0.0657817281902237
